timestamp,open,high,low,close,volume
2025-04-15,153.6200,161.7200,140.5300,156.3100,503800817
2025-03-31,171.9250,174.9700,150.6620,154.6400,731963205
2025-02-28,200.6900,207.0500,166.7700,170.2800,629464870
2025-01-31,190.6500,205.4800,187.3600,204.0200,500375385
2024-12-31,168.7650,201.4200,168.5700,189.3000,645620865
2024-11-29,170.0700,182.4900,163.7000,168.9500,529990651
2024-10-31,167.6850,182.0200,159.7400,171.1100,569355454
2024-09-30,161.7200,166.1500,147.2150,165.8500,532527762
2024-08-30,170.2500,174.0500,154.9300,163.3800,550739537
2024-07-31,183.0300,191.7500,164.0600,171.5400,526148198
2024-06-28,172.5400,186.0500,171.1600,182.1500,461090319
2024-05-31,164.3000,178.7700,163.0500,172.5000,542413794
2024-04-30,150.6900,174.7100,149.6000,162.7800,657659985
2024-03-28,138.4300,152.2560,130.6650,150.9300,671379553
2024-02-29,142.1200,149.4400,135.4100,138.4600,647506998
2024-01-31,138.5500,153.7800,135.1500,140.1000,580941276
2023-12-29,131.8600,142.6800,127.9000,139.6900,619214883
2023-11-30,124.0700,139.4200,123.7150,132.5300,535336827
2023-10-31,131.2100,141.2200,120.2057,124.0800,680762930
2023-09-29,137.4550,139.1600,127.2200,130.8600,477625238
2023-08-31,130.7750,138.0000,126.3824,136.1700,593521002
2023-07-31,119.2400,133.7400,115.3500,132.7200,707114432
2023-06-30,122.8150,129.0400,116.1000,119.7000,656884438
2023-05-31,106.8400,126.4300,103.7100,122.8700,820529683
2023-04-28,102.3900,109.1700,101.9300,107.3400,603728992
2023-03-31,89.9800,106.5900,89.4200,103.7300,860049034
2023-02-28,98.7100,108.1800,88.5750,90.0600,952709694
2023-01-31,89.5850,100.3200,84.8600,98.8400,672897542
2022-12-30,101.0200,102.2500,85.9400,88.2300,602717061
2022-11-30,95.4500,101.0400,83.3400,100.9900,716537649
2022-10-31,96.7600,104.8200,91.8000,94.5100,681653109
2022-09-30,108.2800,111.6200,95.5600,95.6500,612908183
2022-08-31,115.3000,122.4300,107.8000,108.2200,515791070
2022-07-29,2158.6600,2393.7000,104.0700,116.3200,428144985
2022-06-30,2297.1000,2386.9400,2100.9200,2179.2600,38543689
2022-05-31,2268.1000,2457.0900,2037.6936,2275.2400,42514648
2022-04-29,2790.0000,2874.2400,2254.7301,2282.1900,37720682
2022-03-31,2697.5700,2875.8700,2505.5000,2781.3500,36383218
2022-02-28,2751.8900,3030.9315,2499.0650,2701.1400,46381207
2022-01-31,2901.1000,2929.6978,2490.0000,2706.0700,38092594
2021-12-31,2880.0000,2982.0000,2786.4200,2897.0400,30992881
2021-11-30,2960.9200,3019.3300,2832.0300,2837.9500,30278875
2021-10-29,2688.9500,2973.0000,2621.0000,2960.9200,36040000
2021-09-30,2900.0000,2925.0750,2671.1200,2673.5200,29545719
2021-08-31,2702.3400,2919.4100,2666.3900,2893.9500,23041294
2021-07-30,2434.5000,2765.9400,2430.6300,2694.5300,30452492
2021-06-30,2374.4400,2461.9100,2329.5200,2441.7900,27241174
2021-05-28,2364.9100,2389.0500,2193.6200,2356.8500,30175239
2021-04-30,2092.2500,2431.3800,2091.4300,2353.5000,35119920
2021-03-31,2048.0000,2113.7400,1994.0000,2062.5200,37837953
2021-02-26,1844.5850,2145.1400,1844.5850,2021.9100,33609952
2021-01-29,1760.0000,1932.0800,1696.1014,1827.3600,39569373
2020-12-31,1766.6550,1843.8300,1694.0000,1752.6400,30424255
2020-11-30,1623.5400,1816.8900,1612.1080,1754.4000,31560329
2020-10-30,1483.6608,1681.3150,1433.2300,1616.1100,42753029
2020-09-30,1632.1600,1726.1022,1402.1500,1465.6000,41834280
2020-08-31,1491.0000,1652.7900,1464.0300,1629.5300,30731651
2020-07-31,1419.1700,1587.0500,1414.1800,1487.9500,41090608
2020-06-30,1425.7000,1475.7900,1351.6500,1418.0500,40715938
2020-05-29,1324.0900,1445.1100,1296.0100,1433.5200,36255952
2020-04-30,1124.0000,1360.1500,1075.0800,1346.7000,56214524
2020-03-31,1351.3900,1408.1900,1008.8700,1161.9500,78534591
2020-02-28,1461.6500,1530.7400,1268.2100,1339.2500,41565155
2020-01-31,1348.4100,1500.5800,1346.4900,1432.7800,33629150
2019-12-31,1302.5600,1367.0500,1277.0500,1339.3900,28279817
2019-11-29,1265.8000,1333.9200,1259.7100,1304.0900,26359574
2019-10-31,1222.4900,1299.2400,1163.1400,1258.8000,30611918
2019-09-30,1181.8500,1248.0200,1163.7100,1221.1400,26274335
2019-08-30,1217.6300,1236.3000,1142.7500,1190.5300,29345892
2019-07-31,1101.0400,1268.3900,1095.3300,1218.2000,35763639
2019-06-28,1066.9300,1126.5700,1027.0300,1082.8000,35623822
2019-05-31,1197.5000,1199.2500,1103.3500,1106.5000,37137156
2019-04-30,1187.5400,1296.9700,1183.0000,1198.9600,32374805
2019-03-29,1131.0000,1236.4400,1130.2000,1176.8900,33186195
2019-02-28,1122.2900,1154.0000,1093.5900,1126.5500,32610016
2019-01-31,1027.2000,1127.6700,1022.3700,1125.8900,34860110
2018-12-31,1132.1600,1135.0000,977.6600,1044.9600,42869863
2018-11-30,1091.4000,1109.9300,1002.2100,1109.6500,39313400
2018-10-31,1213.0000,1224.5200,1007.2000,1090.5800,56549878
2018-09-28,1222.5200,1227.8700,1151.5000,1207.0800,35927191
2018-08-31,1239.1100,1271.9600,1204.0000,1231.8000,34298428
2018-07-31,1115.3500,1291.4400,1106.6000,1227.2200,41806085
2018-06-29,1112.8700,1201.4900,1106.0700,1129.1900,40184605
2018-05-31,1016.3000,1118.1500,1007.8900,1100.0000,37036543
2018-04-30,1027.6200,1097.5100,994.2500,1018.5800,49252199
2018-03-29,1109.5400,1178.1600,984.0000,1037.1400,50738448
2018-02-28,1175.9900,1187.4500,997.0000,1103.9200,48581820
2018-01-31,1053.0200,1198.0000,1053.0200,1182.2200,31746835
2017-12-29,1030.4100,1086.4900,1002.3200,1053.4000,29093692
2017-11-30,1036.3200,1080.0000,1028.6600,1036.1700,27895294
2017-10-31,975.6500,1063.6200,961.9500,1033.0400,35135039
2017-09-29,957.4700,975.8100,924.5101,973.7200,28940676
2017-08-31,947.8100,957.1950,918.6000,955.2400,31859046
2017-07-31,933.2200,1006.1900,915.3100,945.5000,40338583
2017-06-30,990.9600,1008.6100,929.6000,929.6800,43247076
2017-05-31,924.1500,999.6000,920.8000,987.0900,34853054
2017-04-28,848.7500,935.9000,834.6000,924.5200,28152403
2017-03-31,851.3800,874.4200,824.3000,847.8000,34553208
2017-02-28,824.0000,853.7900,812.0510,844.9300,26492197
2017-01-31,800.6200,867.0000,796.8900,820.1900,36840255
2016-12-30,778.5500,824.3000,753.3600,792.4500,34356689
2016-11-30,810.8700,816.0400,743.5900,775.8800,48353316
2016-10-31,802.5500,839.0000,796.2300,809.9000,35391730
2016-09-30,791.9800,819.0600,783.5000,804.0600,31576994
2016-08-31,786.6700,813.8790,785.0400,789.8500,28857075
2016-07-29,705.1000,803.9400,699.0000,791.3400,32667502
2016-06-30,748.4700,751.3700,672.6600,703.5300,41979195
2016-05-31,711.9200,753.4800,704.0500,748.8500,34108232
2016-04-29,757.1600,790.9500,703.2000,707.8800,46661769
2016-03-31,721.3000,777.3100,704.0000,762.9000,42564849
2016-02-29,771.2600,810.3500,682.0100,717.2200,67647477
2016-01-29,762.2000,769.2000,687.7800,761.3500,51999240
2015-12-31,766.9400,798.6900,736.2600,778.0100,43650531
2015-11-30,737.8800,782.9000,731.4500,762.8500,37574197
2015-10-30,637.9400,752.5000,631.1150,737.3900,50293840
2015-09-30,633.6600,681.9900,617.8400,637.2000,43458108
2015-08-31,657.6600,704.0000,593.0900,647.8200,55344735
2015-07-31,543.6600,713.3300,539.7600,657.5000,68543766
2015-06-30,548.7300,565.6100,538.8506,540.0400,35218182
2015-05-29,550.5100,558.2400,532.2350,545.3200,32421761
2015-04-30,554.8300,584.7000,529.0000,548.7700,43746541
2015-03-31,567.0000,583.2000,550.3300,554.7000,43207344
2015-02-27,534.3200,569.4200,521.7200,562.6300,40420326
2015-01-30,532.6000,545.4100,490.9100,537.5500,52843510
2014-12-31,545.0900,548.7900,497.1900,530.6600,54469614
2014-11-28,563.5300,567.1500,539.1900,549.0800,29775322
2014-10-31,586.8000,592.4000,518.4100,567.8700,55503010
2014-09-30,582.9500,605.4000,577.0100,588.4100,35413703
2014-08-29,578.5550,597.8100,567.4500,582.3600,29046600
2014-07-31,587.6500,608.9100,572.1001,579.5500,38583300
2014-06-30,569.7500,589.6000,547.4700,584.6700,39445800
2014-05-30,534.2500,577.6600,511.0900,571.6500,41456800
2014-04-30,1120.2700,1144.8000,511.0000,534.8800,68887600
2014-03-31,1206.7500,1226.9900,1102.1000,1114.5100,87224100
2014-02-28,1179.2000,1228.8800,1128.0200,1215.6500,81010500
2014-01-31,1115.4600,1186.5400,1082.2700,1180.9700,108913300
2013-12-31,1063.5100,1121.0000,1049.0200,1120.7100,67617600
2013-11-29,1031.7900,1068.0000,1005.0000,1059.5900,52459700
2013-10-31,880.2500,1041.5200,842.9800,1030.5800,110337300
2013-09-30,854.3600,905.9900,853.9500,875.9100,66180000
2013-08-30,895.0000,909.7090,845.5600,846.9000,66906000
2013-07-31,886.4500,928.0000,875.6100,887.7500,102387300
2013-06-28,873.0000,910.8400,847.2200,880.3700,97063000
2013-05-31,823.2600,920.6000,816.3600,871.2180,98734600
2013-04-30,795.0100,827.6400,761.2601,824.5700,106996300
2013-03-28,797.8000,844.0000,793.3000,794.1880,85011800
2013-02-28,758.2000,808.9700,758.1000,801.2000,92587100
2013-01-31,719.4200,760.9500,695.5200,755.6900,104704600
2012-12-31,702.2400,738.2800,682.3301,707.3800,83306700
2012-11-30,679.5000,699.2200,636.0000,698.3700,93264000
2012-10-31,759.0500,774.3800,669.7000,680.2976,143452800
2012-09-28,684.5500,764.8900,673.5000,754.5000,120233800
2012-08-31,637.3000,688.9900,623.4100,685.0900,94031300
2012-07-31,581.8200,642.6000,562.0900,632.9700,102469600
2012-06-29,571.7900,587.8900,556.5201,580.0700,92914500
2012-05-31,603.7900,637.8500,579.0000,580.8600,117228000
2012-04-30,640.7700,653.1400,590.2000,604.8500,117636800
2012-03-30,622.2600,658.5890,593.8400,641.2400,94564700
2012-02-29,584.9400,625.6000,579.1400,618.2500,94633500
2012-01-31,652.9400,670.2500,564.5500,580.1100,147136900
2011-12-30,600.0000,646.7600,599.0000,645.9000,109983800
2011-11-30,580.1000,618.3000,561.3300,599.3900,120479300
2011-10-31,509.8500,602.7000,480.5960,592.6400,154275400
2011-09-30,540.7500,558.5200,510.5000,515.0400,117140800
2011-08-31,611.2200,615.5000,490.8600,540.9600,213336700
2011-07-29,506.7400,627.4992,506.3800,603.6900,161948200
2011-06-30,528.0400,533.1999,473.0200,506.3800,118130800
2011-05-31,545.7000,545.7300,513.4000,529.0200,90564200
2011-04-29,588.7600,595.1900,519.0000,544.1000,140342000
2011-03-31,617.7800,619.2200,551.2801,586.7600,120156600
2011-02-28,604.4900,631.1800,601.3500,613.4000,83653600
2011-01-31,596.4800,642.9600,595.5500,600.3600,119847800
2010-12-31,563.0000,607.0000,562.4000,593.9700,84484800
2010-11-30,615.7300,630.8500,553.3100,555.7100,116766000
2010-10-29,530.0000,624.7400,518.8501,613.7000,158536000
2010-09-30,454.9800,536.8490,452.5000,525.7900,119281400
2010-08-31,488.9900,508.6000,447.6500,450.0200,105603500
2010-07-30,445.2900,497.5000,433.6300,484.8500,138480300
2010-06-30,480.4300,509.2500,444.7200,444.9500,119605600
2010-05-28,526.5000,532.9200,460.0000,485.6300,162958300
2010-04-30,571.3500,597.8400,521.0300,525.6950,145974700
2010-03-31,529.2000,588.2750,527.7400,567.1200,167380600
2010-02-26,534.6020,547.5000,520.0000,526.8000,103963600
2010-01-29,626.9500,629.5100,525.6100,529.9440,178021600
2009-12-31,588.1300,625.9900,579.1800,619.9800,85154200
2009-11-30,537.0800,587.0599,528.2410,583.0000,81729700
2009-10-30,493.0000,561.6400,482.6000,536.1200,154193500
2009-09-30,459.6800,507.0000,452.5900,495.8500,102056300
2009-08-31,448.7400,474.3500,438.5605,461.6700,97378800
2009-07-31,424.2000,452.7000,395.9801,443.0500,145887200
2009-06-30,418.7300,447.3400,401.8901,421.5900,140780100
2009-05-29,395.0300,417.2329,384.6900,417.2300,113955500
2009-04-30,343.7800,403.7500,340.6100,395.9700,175489100
2009-03-31,333.3300,359.1600,289.4500,348.0600,227721500
2009-02-27,334.2700,381.0000,329.5500,337.9900,222946400
2009-01-30,308.5995,352.3300,282.7500,338.5300,219542700
2008-12-31,286.6800,329.5000,262.5801,307.6500,225787700
2008-11-28,357.5800,372.3600,247.3000,292.9600,315749100
2008-10-31,411.1500,416.9800,309.4400,359.3600,398191400
2008-09-30,476.7700,482.1800,380.7100,400.5200,267887800
2008-08-29,472.0600,510.6600,461.9000,463.2900,137490300
2008-07-31,520.0000,555.6800,465.6005,473.7500,207962700
2008-06-30,582.5000,588.0400,515.0900,526.4200,187380600
2008-05-30,578.3100,602.4500,537.8100,585.8000,209055200
2008-04-30,447.7400,584.8600,441.0000,574.2900,285802500
2008-03-31,471.5100,472.7200,412.1100,440.4700,290938800
2008-02-29,528.6700,541.0400,446.8500,471.1800,354015500
2008-01-31,692.8700,697.3700,519.0000,564.3000,315262000
2007-12-31,691.0100,724.8000,652.5000,691.4800,170456500
2007-11-30,702.7900,747.2400,616.0200,693.0000,342606600
2007-10-31,569.9700,707.0000,569.6100,707.0000,310590000
2007-09-28,515.0200,571.7899,510.8800,567.2700,138687900
2007-08-31,510.5000,526.8200,480.4600,515.2500,177222800
2007-07-31,525.4900,558.5800,498.8800,510.0000,233027400
2007-06-29,501.0000,534.9900,497.5900,522.7001,257837700
2007-05-31,472.1900,508.7800,457.4100,497.9090,198963200
2007-04-30,457.7600,492.5000,452.1200,471.3800,185730000
2007-03-30,442.6700,466.0000,437.0000,458.1600,235995600
2007-02-28,506.0000,506.0100,443.0400,449.4500,227599400
2007-01-31,466.0000,513.0000,461.1100,501.5000,248923900
2006-12-29,485.9800,492.4000,452.3405,460.4800,183144000
2006-11-30,478.7550,513.0000,465.0615,484.8100,236642800
2006-10-31,401.9000,491.9600,398.1900,476.3900,316709800
2006-09-29,380.9950,418.6900,376.7200,401.9000,242858900
2006-08-31,385.1100,390.0000,363.3600,378.5300,213728900
2006-07-31,420.0400,427.8900,377.6900,386.6000,254787800
2006-06-30,373.5400,419.3300,371.6000,419.3300,284475000
2006-05-31,417.8500,419.4400,360.5700,371.8200,351526700
2006-04-28,389.7500,450.7200,387.9300,417.9400,370257300
2006-03-31,369.0000,399.0000,331.5500,390.0000,612913300
2006-02-28,389.8600,406.5000,337.8300,362.6200,594453900
2006-01-31,422.5200,475.1100,394.7400,432.6601,597481100
2005-12-30,409.2000,446.2100,399.0100,414.8600,397165000
2005-11-30,371.8600,431.2400,369.0100,404.9125,422908000
2005-10-31,313.6300,374.7500,290.6850,372.1400,385538000
2005-09-30,285.9100,320.9500,285.0000,316.4600,339965100
2005-08-31,288.4800,299.7200,273.3500,286.0000,285656800
2005-07-29,295.0400,317.8000,286.9900,287.7600,409487200
2005-06-30,283.2000,309.2500,267.4300,294.1500,777224400
2005-05-31,222.0500,278.4000,220.2100,277.2700,507029100
2005-04-29,181.7600,224.7400,179.8400,220.0000,452927500
2005-03-31,189.2900,189.8500,172.5700,180.5100,343553000
2005-02-28,194.3800,216.8000,181.0000,187.9900,650567500
2005-01-31,197.4000,205.3000,176.2900,195.6200,409918400
2004-12-31,181.7700,199.8800,168.4700,192.7900,290392600
2004-11-30,193.5000,201.6000,161.3100,181.9800,554632100
2004-10-29,130.8000,199.9500,128.9000,190.6400,513620700
2004-09-30,102.7000,135.0200,98.9400,129.6000,212494700
